Algorithm,"Mean Dist
(m ± std)","Median Dist
(m ± IQR)","Mean Time
(s ± std)","Median Time
(s ± IQR)","Best Dist
(m)","Best Dist Time
(s)",Params,Finished,Success
mpc_simplemove,6132.7 ± 589.6,6071.3 ± 935.0,1.6 ± 1.8,0.8 ± 2.7,5137.6,0.09,"h=10, ta=30, a=0.6",2880/3072,93.8%
mpc_realmove,6295.2 ± 554.5,6289.0 ± 819.6,4.0 ± 4.9,1.6 ± 6.6,5124.0,0.08,"h=10, ta=30, a=1.5",3072/3072,100.0%
beam_realmove,5762.5 ± 461.2,5731.4 ± 680.8,44.2 ± 72.5,4.0 ± 56.6,5069.6,89.24,"h=600, ta=30, a=0.9, bw=20.0",5440/8060,67.5%
